Room Type,Profit
Triple En,68818.64
Family,61682.92
SIngle,54177.35
Double En,53054.41666666666
Triple,49392.79333333333
Double,44909.69076923076
Single,44706.4725
