Unnamed: 0,Profit
count,33.0
mean,95333.26727272729
std,265555.6402937901
min,17696.35
25%,41989.42
50%,45528.45
75%,58385.42
max,1572998.91
